echogram_name,haul,species,individual num,total,percentage,mean length
echogram_20010704_120949,0206,10153,280,11585,0.0242 ,11.94
echogram_20010704_120949,0206,10768,35,11585,0.0030 ,18
echogram_20010704_120949,0206,10134,11060,11585,0.9547 ,22.98
echogram_20010704_120949,0206,10171,70,11585,0.0060 ,24
echogram_20010704_120949,0206,10265,140,11585,0.0121 ,24.5
echogram_20010704_183405,0207,10274,14,1464,0.0096 ,16.25
echogram_20010704_183405,0207,10134,1432,1464,0.9781 ,24
echogram_20010704_183405,0207,10265,18,1464,0.0123 ,25
echogram_20010705_053445,0208,10274,4,2088,0.0019 ,16
echogram_20010705_053445,0208,10265,20,2088,0.0096 ,26
echogram_20010705_053445,0208,10134,2048,2088,0.9808 ,26.37
echogram_20010705_053445,0208,10279,16,2088,0.0077 ,31.75
echogram_20010705_094916,0209,10737,1,379,0.0026 ,22
echogram_20010705_094916,0209,10134,373,379,0.9842 ,23.78
echogram_20010705_094916,0209,10265,3,379,0.0079 ,26.67
echogram_20010705_094916,0209,10279,2,379,0.0053 ,31.5
echogram_20010705_143514,0210,10134,4280,4290,0.9977 ,24.18
echogram_20010705_143514,0210,10279,10,4290,0.0023 ,33
echogram_20010706_032847,0211,10134,288,290,0.9931 ,26.89
echogram_20010706_032847,0211,10269,2,290,0.0069 ,48.5
echogram_20010706_171636,0212,10153,7,1117,0.0063 ,10
echogram_20010706_171636,0212,10265,7,1117,0.0063 ,22
echogram_20010706_171636,0212,10737,7,1117,0.0063 ,23
echogram_20010706_171636,0212,10134,1075,1117,0.9624 ,23.99
echogram_20010706_171636,0212,10642,21,1117,0.0188 ,31.33
echogram_20010707_042120,0213,10153,107,6613,0.0162 ,11.125
echogram_20010707_042120,0213,10134,6373,6613,0.9637 ,23.83
echogram_20010707_042120,0213,10279,67,6613,0.0101 ,26
echogram_20010707_042120,0213,10265,26,6613,0.0039 ,27.5
echogram_20010707_042120,0213,10642,40,6613,0.0060 ,31
echogram_20010707_121842,0214,10274,2,996,0.0020 ,15
echogram_20010707_121842,0214,10134,994,996,0.9980 ,27.3
echogram_20010708_160527,0215,10274,3100,3940,0.7868 ,15.6
echogram_20010708_160527,0215,10767,1,3940,0.0003 ,17
echogram_20010708_160527,0215,10171,5,3940,0.0013 ,18.8
echogram_20010708_160527,0215,10737,7,3940,0.0018 ,20.29
echogram_20010708_160527,0215,10265,468,3940,0.1188 ,24.21
echogram_20010708_160527,0215,10134,284,3940,0.0721 ,24.54
echogram_20010708_160527,0215,10768,1,3940,0.0003 ,27
echogram_20010708_160527,0215,10279,70,3940,0.0178 ,28.34
echogram_20010708_160527,0215,10255,1,3940,0.0003 ,40
echogram_20010708_160527,0215,10269,3,3940,0.0008 ,45
echogram_20010709_021214,0216,10274,8,11,0.7273 ,4.5
echogram_20010709_021214,0216,10642,3,11,0.2727 ,34
echogram_20010709_084849,0217,10274,4060,4378,0.9274 ,15.52
echogram_20010709_084849,0217,10171,12,4378,0.0027 ,20.67
echogram_20010709_084849,0217,10737,2,4378,0.0005 ,21
echogram_20010709_084849,0217,10134,200,4378,0.0457 ,24.91
echogram_20010709_084849,0217,10265,59,4378,0.0135 ,25.03
echogram_20010709_084849,0217,10277,1,4378,0.0002 ,26
echogram_20010709_084849,0217,10279,42,4378,0.0096 ,27.5
echogram_20010709_084849,0217,10269,1,4378,0.0002 ,42
echogram_20010709_084849,0217,10255,1,4378,0.0002 ,60
echogram_20010710_084939,0219,10177,1,941,0.0011 ,5
echogram_20010710_084939,0219,10275,1,941,0.0011 ,11
echogram_20010710_084939,0219,10274,206,941,0.2189 ,15.65
echogram_20010710_084939,0219,10171,4,941,0.0043 ,17.75
echogram_20010710_084939,0219,10265,60,941,0.0638 ,20.5
echogram_20010710_084939,0219,10768,1,941,0.0011 ,24
echogram_20010710_084939,0219,10134,617,941,0.6557 ,25.8
echogram_20010710_084939,0219,10737,1,941,0.0011 ,27
echogram_20010710_084939,0219,10283,1,941,0.0011 ,28
echogram_20010710_084939,0219,10642,19,941,0.0202 ,30.53
echogram_20010710_084939,0219,10279,16,941,0.0170 ,34.25
echogram_20010710_084939,0219,10269,14,941,0.0149 ,42.29
echogram_20010710_161427,0220,10134,4040,4040,1.0000 ,25.48
echogram_20010710_202430,0221,10134,674,674,1.0000 ,27.11
echogram_20010711_033315,0222,10134,20,20,1.0000 ,25
echogram_20010711_085550,0223,10134,805,805,1.0000 ,25.48
echogram_20010712_043434,0224,10134,7455,7455,1.0000 ,25.26
echogram_20010712_084228,0225,10134,1305,1305,1.0000 ,25.55
echogram_20010712_131341,0227,10134,3208,3208,1.0000 ,24.96
echogram_20010712_182823,0228,10134,1096,1096,1.0000 ,26.73
echogram_20010714_122413,0229,10134,975,975,1.0000 ,25.61
echogram_20010714_152155,0230,10134,45,85,0.5294 ,26.37
echogram_20010714_152155,0230,10642,40,85,0.4706 ,31.93
echogram_20010714_170743,0231,10134,6213,6451,0.9631 ,26.36
echogram_20010714_170743,0231,10642,238,6451,0.0369 ,30.79
echogram_20010715_051118,0232,10134,1944,1944,1.0000 ,26.3
echogram_20010715_103302,0234,10274,60,4418,0.0136 ,16.25
echogram_20010715_103302,0234,10134,4305,4418,0.9744 ,27.59
echogram_20010715_103302,0234,10642,38,4418,0.0086 ,31
echogram_20010715_103302,0234,10279,15,4418,0.0034 ,35.5
echogram_20010715_200315,0235,10134,6420,6444,0.9963 ,27.17
echogram_20010715_200315,0235,10269,24,6444,0.0037 ,42.5
echogram_20010716_052737,0236,10134,2742,2742,1.0000 ,29.88
echogram_20010716_094011,0237,10642,6,980,0.0061 ,27
echogram_20010716_094011,0237,10134,974,980,0.9939 ,29.47
echogram_20010716_142932,0238,10177,1,110,0.0091 ,7
echogram_20010716_142932,0238,10134,108,110,0.9818 ,29.77
echogram_20010716_142932,0238,10283,1,110,0.0091 ,63
echogram_20010716_162824,0239,10177,1,6,0.1667 ,5
echogram_20010716_162824,0239,10274,1,6,0.1667 ,18
echogram_20010716_162824,0239,10134,3,6,0.5000 ,28.17
echogram_20010716_162824,0239,10642,1,6,0.1667 ,30
echogram_20010717_140052,0240,10737,2,205,0.0098 ,23
echogram_20010717_140052,0240,10134,2,205,0.0098 ,29.5
echogram_20010717_140052,0240,10642,201,205,0.9805 ,30.06
echogram_20010717_195856,0241,10745,1,1,1.0000 ,36
echogram_20010718_035258,0242,10134,534,559,0.9553 ,26.59
echogram_20010718_035258,0242,10642,24,559,0.0429 ,30.94
echogram_20010718_035258,0242,10414,1,559,0.0018 ,34
echogram_20010718_072658,0243,10134,5000,5000,1.0000 ,26.34
echogram_20010718_160021,0244,10134,3114,3120,0.9981 ,27.85
echogram_20010718_160021,0244,10265,6,3120,0.0019 ,29
echogram_20010718_192836,0245,10274,63,74,0.8514 ,7.17
echogram_20010718_192836,0245,10134,9,74,0.1216 ,25.17
echogram_20010718_192836,0245,10279,2,74,0.0270 ,29
echogram_20010719_042040,0246,10265,2,116,0.0172 ,23
echogram_20010719_042040,0246,10134,110,116,0.9483 ,26.06
echogram_20010719_042040,0246,10642,3,116,0.0259 ,29
echogram_20010719_042040,0246,10414,1,116,0.0086 ,33
echogram_20010719_102119,0247,10274,45,1486,0.0303 ,6.63
echogram_20010719_102119,0247,10277,333,1486,0.2241 ,15.01
echogram_20010719_102119,0247,10134,1102,1486,0.7416 ,27.3
echogram_20010719_102119,0247,10279,6,1486,0.0040 ,29.67
echogram_20010719_172337,0248,10642,1,1,1.0000 ,41
echogram_20010720_030203,0249,10274,23,270,0.0852 ,7.48
echogram_20010720_030203,0249,10745,1,270,0.0037 ,9
echogram_20010720_030203,0249,10134,243,270,0.9000 ,25.41
echogram_20010720_030203,0249,10737,1,270,0.0037 ,27
echogram_20010720_030203,0249,10642,2,270,0.0074 ,29.5
echogram_20010720_102704,0250,10134,2970,2970,1.0000 ,24.19
echogram_20010720_150343,0251,10134,2600,2600,1.0000 ,24.8
echogram_20010721_065808,0252,10134,568,570,0.9965 ,28.01
echogram_20010721_065808,0252,10642,2,570,0.0035 ,30
echogram_20010721_113408,0253,10274,17,17,1.0000 ,6.41
echogram_20010721_152508,0254,10134,10060,10080,0.9980 ,25.98
echogram_20010721_152508,0254,10642,20,10080,0.0020 ,30
echogram_20020628_124235,0243,10134,7975,7975,1.0000 ,25.28
echogram_20020628_180421,0244,10134,3540,3540,1.0000 ,26.14
echogram_20020629_045642,0245,10274,4,672,0.0060 ,5.75
echogram_20020629_045642,0245,10134,659,672,0.9807 ,25.16
echogram_20020629_045642,0245,10279,3,672,0.0045 ,29
echogram_20020629_045642,0245,10265,4,672,0.0060 ,33
echogram_20020629_045642,0245,10269,2,672,0.0030 ,61
echogram_20020630_102232,0246,10134,15431,15431,1.0000 ,23.66
echogram_20020630_140542,0247,10134,12540,12540,1.0000 ,25.42
echogram_20020630_180322,0248,10134,3667,3669,0.9995 ,26.38
echogram_20020630_180322,0248,10279,1,3669,0.0003 ,33
echogram_20020630_180322,0248,10269,1,3669,0.0003 ,66
echogram_20020701_055454,0249,10134,6773,6773,1.0000 ,26.83
echogram_20020701_122654,0250,10134,2272,2273,0.9996 ,25.1
echogram_20020701_122654,0250,10642,1,2273,0.0004 ,29
echogram_20020701_172146,0251,10153,24,2610,0.0092 ,12.13
echogram_20020701_172146,0251,10134,2586,2610,0.9908 ,18.2
echogram_20020702_055438,0252,10134,6900,6900,1.0000 ,22.89
echogram_20020702_085046,0253,10274,15,2920,0.0051 ,17.33
echogram_20020702_085046,0253,10134,2900,2920,0.9932 ,23.91
echogram_20020702_085046,0253,10642,5,2920,0.0017 ,27
echogram_20020702_115249,0254,10745,1,102,0.0098 ,21
echogram_20020702_115249,0254,10134,96,102,0.9412 ,23.97
echogram_20020702_115249,0254,10642,5,102,0.0490 ,28.6
echogram_20020702_150522,0255,10134,10620,10620,1.0000 ,25.92
echogram_20020702_203659,0001,10274,15,29,0.5172 ,6.8
echogram_20020702_203659,0001,10279,5,29,0.1724 ,8.2
echogram_20020702_203659,0001,10265,2,29,0.0690 ,8.5
echogram_20020702_203659,0001,10153,7,29,0.2414 ,10.43
echogram_20020703_032113,0256,10265,4,4,1.0000 ,0
echogram_20020703_092427,0257,10134,1913,2178,0.8783 ,25.19
echogram_20020703_092427,0257,10279,87,2178,0.0399 ,30.42
echogram_20020703_092427,0257,10265,177,2178,0.0813 ,30.68
echogram_20020703_092427,0257,10056,1,2178,0.0005 ,83
echogram_20020703_121222,0258,10134,14736,14736,1.0000 ,25.73
echogram_20020703_153328,0259,10134,39075,39075,1.0000 ,23.9
echogram_20020703_174724,0002,10274,4,13,0.3077 ,7.5
echogram_20020703_174724,0002,10279,9,13,0.6923 ,7.78
echogram_20020704_055755,0003,10153,888,1103,0.8051 ,4.49
echogram_20020704_055755,0003,10615,215,1103,0.1949 ,6.68
echogram_20020704_072641,0261,10134,2630,2630,1.0000 ,25.68
echogram_20020704_095946,0004,10171,28,6086,0.0046 ,16.64
echogram_20020704_095946,0004,10768,8,6086,0.0013 ,18.75
echogram_20020704_095946,0004,10737,18,6086,0.0030 ,21.67
echogram_20020704_095946,0004,10134,5,6086,0.0008 ,22.6
echogram_20020704_095946,0004,10279,3607,6086,0.5927 ,23.49
echogram_20020704_095946,0004,10642,269,6086,0.0442 ,25.71
echogram_20020704_095946,0004,10265,2101,6086,0.3452 ,26.23
echogram_20020704_095946,0004,10277,46,6086,0.0076 ,27.96
echogram_20020704_095946,0004,10283,2,6086,0.0003 ,40
echogram_20020704_095946,0004,10022,2,6086,0.0003 ,56
echogram_20020704_131844,0262,10134,355,519,0.6840 ,26.68
echogram_20020704_131844,0262,10265,1,519,0.0019 ,30
echogram_20020704_131844,0262,10269,163,519,0.3141 ,45.34
echogram_20020704_154205,0263,10265,1,1,1.0000 ,0
echogram_20020704_201954,0005,10642,1,460,0.0022 ,24
echogram_20020704_201954,0005,10134,459,460,0.9978 ,27.35
echogram_20020705_052434,0264,10134,153,165,0.9273 ,26.21
echogram_20020705_052434,0264,10265,12,165,0.0727 ,29.42
echogram_20020705_091927,0265,10177,1,69,0.0145 ,6
echogram_20020705_091927,0265,10134,65,69,0.9420 ,25.98
echogram_20020705_091927,0265,10265,3,69,0.0435 ,32
echogram_20020705_142128,0266,10274,5600,5771,0.9704 ,5.94
echogram_20020705_142128,0266,10134,171,5771,0.0296 ,25.58
echogram_20020705_162504,0006,10277,4,2485,0.0016 ,23.25
echogram_20020705_162504,0006,10134,2436,2485,0.9803 ,27.03
echogram_20020705_162504,0006,10642,45,2485,0.0181 ,32.22
echogram_20020705_175658,0267,10279,9,21,0.4286 ,29.43
echogram_20020705_175658,0267,10265,12,21,0.5714 ,30
echogram_20020705_201213,0268,10134,121,147,0.8231 ,25.86
echogram_20020705_201213,0268,10279,9,147,0.0612 ,28.22
echogram_20020705_201213,0268,10265,17,147,0.1156 ,31.53
echogram_20020706_025312,0269,10134,755,755,1.0000 ,26.14
echogram_20020706_091307,0270,10134,1243,1243,1.0000 ,27.03
echogram_20020706_170942,0007,10134,527,621,0.8486 ,24
echogram_20020706_170942,0007,10737,3,621,0.0048 ,24.33
echogram_20020706_170942,0007,10277,1,621,0.0016 ,26
echogram_20020706_170942,0007,10642,14,621,0.0225 ,26.43
echogram_20020706_170942,0007,10279,57,621,0.0918 ,26.7
echogram_20020706_170942,0007,10265,18,621,0.0290 ,28.72
echogram_20020706_170942,0007,10269,1,621,0.0016 ,36
echogram_20020706_173142,0271,10134,9160,9160,1.0000 ,27.03
echogram_20020706_202249,0008,10134,1558,1558,1.0000 ,27.36
echogram_20020707_043833,0009,10274,4,248,0.0161 ,17.25
echogram_20020707_043833,0009,10134,239,248,0.9637 ,27.05
echogram_20020707_043833,0009,10265,4,248,0.0161 ,30
echogram_20020707_043833,0009,10642,1,248,0.0040 ,38
echogram_20020707_062311,0272,10134,26820,26820,1.0000 ,26.82
echogram_20020707_072842,0010,10737,15,5985,0.0025 ,22
echogram_20020707_072842,0010,10277,105,5985,0.0175 ,24.43
echogram_20020707_072842,0010,10134,5850,5985,0.9774 ,26.15
echogram_20020707_072842,0010,10642,15,5985,0.0025 ,31
echogram_20020707_121027,0273,10134,8406,8406,1.0000 ,26.28
echogram_20020707_142131,0011,10274,4,1882,0.0021 ,18
echogram_20020707_142131,0011,10277,316,1882,0.1679 ,23.19
echogram_20020707_142131,0011,10265,4,1882,0.0021 ,25
echogram_20020707_142131,0011,10134,1558,1882,0.8278 ,26.27
echogram_20020707_143254,0274,10134,10025,10025,1.0000 ,27.04
echogram_20020707_192058,0012,10277,8024,8024,1.0000 ,12.07
echogram_20020707_210256,0013,10277,12,20,0.6000 ,22.58
echogram_20020707_210256,0013,11173,1,20,0.0500 ,25
echogram_20020707_210256,0013,10171,1,20,0.0500 ,26
echogram_20020707_210256,0013,10265,6,20,0.3000 ,35
echogram_20020708_180630,0015,10277,12,3373,0.0036 ,23
echogram_20020708_180630,0015,10134,3349,3373,0.9929 ,27.29
echogram_20020708_180630,0015,10642,12,3373,0.0036 ,31
echogram_20020708_204831,0016,10274,8,553,0.0145 ,18.63
echogram_20020708_204831,0016,10277,388,553,0.7016 ,23.89
echogram_20020708_204831,0016,10134,131,553,0.2369 ,26.48
echogram_20020708_204831,0016,10279,21,553,0.0380 ,29.05
echogram_20020708_204831,0016,10265,4,553,0.0072 ,29.25
echogram_20020708_204831,0016,10642,1,553,0.0018 ,33
echogram_20020709_102320,0017,11274,2,10,0.2000 ,15.75
echogram_20020709_102320,0017,10737,7,10,0.7000 ,19.29
echogram_20020709_102320,0017,10351,1,10,0.1000 ,30.5
echogram_20020709_111151,0275,10134,129,129,1.0000 ,27.94
echogram_20020709_114015,0018,10134,2072,2077,0.9976 ,26.69
echogram_20020709_114015,0018,10279,5,2077,0.0024 ,29
echogram_20020709_144615,0276,10134,8305,8305,1.0000 ,28.24
echogram_20020709_174230,0277,10134,4700,4700,1.0000 ,27.69
echogram_20020709_200033,0019,10277,32,945,0.0339 ,24.23
echogram_20020709_200033,0019,10642,7,945,0.0074 ,26.67
echogram_20020709_200033,0019,10134,899,945,0.9513 ,26.79
echogram_20020709_200033,0019,10265,7,945,0.0074 ,30
echogram_20020710_043310,0278,10134,2773,2773,1.0000 ,27.99
echogram_20020710_053737,0020,10134,2516,2516,1.0000 ,21.15
echogram_20020710_092737,0279,10134,308,308,1.0000 ,28.63
echogram_20020710_123210,0021,10134,6705,6723,0.9973 ,26.8
echogram_20020710_123210,0021,10642,18,6723,0.0027 ,29
echogram_20020710_155644,0280,10134,1450,1450,1.0000 ,28.42
echogram_20020710_183059,0022,10134,2995,3094,0.9680 ,27.91
echogram_20020710_183059,0022,10642,99,3094,0.0320 ,31.55
echogram_20020711_040331,0281,10134,406,407,0.9975 ,28.12
echogram_20020711_040331,0281,10269,1,407,0.0025 ,43
echogram_20020711_043024,0023,10153,25,7880,0.0032 ,13
echogram_20020711_043024,0023,10134,7605,7880,0.9651 ,21.49
echogram_20020711_043024,0023,10642,250,7880,0.0317 ,31.2
echogram_20020711_084242,0282,10134,374,374,1.0000 ,29.16
echogram_20020711_132102,0283,10134,8740,8740,1.0000 ,29.51
echogram_20020711_164237,0024,10274,72,1104,0.0652 ,17.75
echogram_20020711_164237,0024,10277,21,1104,0.0190 ,22.29
echogram_20020711_164237,0024,10737,9,1104,0.0082 ,26
echogram_20020711_164237,0024,10134,861,1104,0.7799 ,26.87
echogram_20020711_164237,0024,10265,60,1104,0.0543 ,28.5
echogram_20020711_164237,0024,10279,6,1104,0.0054 ,32
echogram_20020711_164237,0024,10642,75,1104,0.0679 ,32.04
echogram_20020712_082233,0284,10134,184,187,0.9840 ,30.29
echogram_20020712_082233,0284,10269,3,187,0.0160 ,58
echogram_20020712_180628,0285,10274,189,467,0.4047 ,15.52
echogram_20020712_180628,0285,10277,9,467,0.0193 ,15.56
echogram_20020712_180628,0285,10265,5,467,0.0107 ,24.04
echogram_20020712_180628,0285,10134,257,467,0.5503 ,29.07
echogram_20020712_180628,0285,10279,7,467,0.0150 ,30.71
echogram_20020713_073638,0286,10134,669,669,1.0000 ,27.78
echogram_20020713_105115,0287,10134,4150,4690,0.8849 ,27.77
echogram_20020713_105115,0287,10642,540,4690,0.1151 ,32.61
echogram_20020713_200755,0025,10277,190,233,0.8155 ,6.88
echogram_20020713_200755,0025,10134,43,233,0.1845 ,23.9
echogram_20020714_015355,0288,10134,2873,3093,0.9289 ,26.86
echogram_20020714_015355,0288,10642,220,3093,0.0711 ,29.15
echogram_20020714_060421,0026,10134,1875,1910,0.9817 ,27.1
echogram_20020714_060421,0026,10642,35,1910,0.0183 ,31.29
echogram_20020714_093043,0289,10134,810,832,0.9736 ,28.51
echogram_20020714_093043,0289,10642,22,832,0.0264 ,31.45
echogram_20020714_112014,0027,10274,32,2277,0.0141 ,17.75
echogram_20020714_112014,0027,10737,2,2277,0.0009 ,18
echogram_20020714_112014,0027,10171,2,2277,0.0009 ,21
echogram_20020714_112014,0027,10277,867,2277,0.3808 ,22.64
echogram_20020714_112014,0027,10134,1346,2277,0.5911 ,26.67
echogram_20020714_112014,0027,10265,14,2277,0.0061 ,27.71
echogram_20020714_112014,0027,10642,6,2277,0.0026 ,28.33
echogram_20020714_112014,0027,10279,8,2277,0.0035 ,35
echogram_20020714_132948,0028,10134,33811,33811,1.0000 ,25.28
echogram_20020714_170739,0290,10134,8067,8067,1.0000 ,28.2
echogram_20020715_042428,0029,10274,67,100,0.6700 ,7.24
echogram_20020715_042428,0029,10279,2,100,0.0200 ,16
echogram_20020715_042428,0029,10134,9,100,0.0900 ,19.89
echogram_20020715_042428,0029,10265,10,100,0.1000 ,23.5
echogram_20020715_042428,0029,10642,12,100,0.1200 ,27.42
echogram_20020715_064315,0030,10615,807,807,1.0000 ,7.17
echogram_20020715_072005,0292,10134,10,10,1.0000 ,28.9
echogram_20020715_193225,0031,10277,626,1196,0.5234 ,22.63
echogram_20020715_193225,0031,10134,570,1196,0.4766 ,26.67
echogram_20020716_045626,0032,10134,20439,20440,1.0000 ,28.39
echogram_20020716_045626,0032,10642,1,20440,0.0000 ,30
echogram_20020716_080843,0033,10134,29879,29879,1.0000 ,25.4
echogram_20020716_133103,0034,10277,25,11727,0.0021 ,22
echogram_20020716_133103,0034,10134,11452,11727,0.9765 ,25.64
echogram_20020716_133103,0034,10642,200,11727,0.0171 ,29.88
echogram_20020716_133103,0034,10265,50,11727,0.0043 ,32
echogram_20020716_184941,0035,10274,52,1792,0.0290 ,14.88
echogram_20020716_184941,0035,10277,10,1792,0.0056 ,18.2
echogram_20020716_184941,0035,10134,1434,1792,0.8002 ,25.24
echogram_20020716_184941,0035,10265,8,1792,0.0045 ,27.25
echogram_20020716_184941,0035,10642,278,1792,0.1551 ,29.55
echogram_20020716_184941,0035,10279,10,1792,0.0056 ,30.5
echogram_20020717_041815,0036,10274,91,91,1.0000 ,6.76
echogram_20020717_070359,0037,10274,175,9424,0.0186 ,16
echogram_20020717_070359,0037,10277,375,9424,0.0398 ,21.93
echogram_20020717_070359,0037,10737,25,9424,0.0027 ,27
echogram_20020717_070359,0037,10134,8574,9424,0.9098 ,27.44
echogram_20020717_070359,0037,10642,275,9424,0.0292 ,29.82
echogram_20020717_200232,0038,10277,36,1974,0.0182 ,25.67
echogram_20020717_200232,0038,10134,1914,1974,0.9696 ,28.37
echogram_20020717_200232,0038,10265,6,1974,0.0030 ,31
echogram_20020717_200232,0038,10642,6,1974,0.0030 ,33
echogram_20020717_200232,0038,10279,6,1974,0.0030 ,37
echogram_20020717_200232,0038,10269,6,1974,0.0030 ,40
echogram_20020718_052917,0039,10274,5,2084,0.0024 ,18
echogram_20020718_052917,0039,10737,10,2084,0.0048 ,21
echogram_20020718_052917,0039,10134,2049,2084,0.9832 ,27.02
echogram_20020718_052917,0039,10642,10,2084,0.0048 ,28
echogram_20020718_052917,0039,10265,10,2084,0.0048 ,28.5
echogram_20020718_075242,0040,10737,15,6061,0.0025 ,21
echogram_20020718_075242,0040,10134,6016,6061,0.9926 ,26.59
echogram_20020718_075242,0040,10265,15,6061,0.0025 ,31
echogram_20020718_075242,0040,10642,15,6061,0.0025 ,34
echogram_20020718_110550,0041,10274,187,13014,0.0144 ,14.4
echogram_20020718_110550,0041,10134,12600,13014,0.9682 ,28.1
echogram_20020718_110550,0041,10265,38,13014,0.0029 ,30
echogram_20020718_110550,0041,10642,189,13014,0.0145 ,32.2
echogram_20020719_091221,0044,10737,10,2064,0.0048 ,24.5
echogram_20020719_091221,0044,10134,2044,2064,0.9903 ,26.43
echogram_20020719_091221,0044,10265,5,2064,0.0024 ,36
echogram_20020719_091221,0044,10269,5,2064,0.0024 ,42
echogram_20020719_155550,0045,10737,42,18085,0.0023 ,27
echogram_20020719_155550,0045,10134,17959,18085,0.9930 ,28.61
echogram_20020719_155550,0045,10642,84,18085,0.0046 ,31.5
echogram_20020720_043352,0047,10134,96,96,1.0000 ,25.28
echogram_20020720_105138,0048,10134,12521,12521,1.0000 ,28.35
echogram_20020720_175525,0049,10134,2712,2712,1.0000 ,26.14
echogram_20030628_112535,0267,10822,4,1344,0.0030 ,12
echogram_20030628_112535,0267,10134,1336,1344,0.9940 ,21.25
echogram_20030628_112535,0267,10265,4,1344,0.0030 ,30
echogram_20030629_020151,0269,10134,6615,6690,0.9888 ,23.82
echogram_20030629_020151,0269,10642,75,6690,0.0112 ,26.7
echogram_20030629_021004,0270,10134,4740,4740,1.0000 ,23.52
echogram_20030629_021248,0271,10767,2,1578,0.0013 ,13.5
echogram_20030629_021248,0271,10274,820,1578,0.5196 ,13.56
echogram_20030629_021248,0271,10765,17,1578,0.0108 ,16.21
echogram_20030629_021248,0271,10134,240,1578,0.1521 ,24.41
echogram_20030629_021248,0271,10265,270,1578,0.1711 ,29.36
echogram_20030629_021248,0271,10768,2,1578,0.0013 ,32.5
echogram_20030629_021248,0271,10279,53,1578,0.0336 ,33.37
echogram_20030629_021248,0271,10269,174,1578,0.1103 ,43.38
echogram_20030629_173622,0272,10134,4913,4937,0.9951 ,24.48
echogram_20030629_173622,0272,10274,12,4937,0.0024 ,0
echogram_20030629_173622,0272,10279,12,4937,0.0024 ,0
echogram_20030629_173906,0273,10274,404,616,0.6558 ,14.82
echogram_20030629_173906,0273,10134,51,616,0.0828 ,24.22
echogram_20030629_173906,0273,10265,69,616,0.1120 ,30.7
echogram_20030629_173906,0273,10642,1,616,0.0016 ,32.5
echogram_20030629_173906,0273,10279,64,616,0.1039 ,34.05
echogram_20030629_173906,0273,10269,26,616,0.0422 ,45.96
echogram_20030629_173906,0273,10255,1,616,0.0016 ,81.5
echogram_20030630_040446,0274,10737,35,545,0.0642 ,21.19
echogram_20030630_040446,0274,10134,497,545,0.9119 ,22.78
echogram_20030630_040446,0274,10642,1,545,0.0018 ,24.5
echogram_20030630_040446,0274,10279,1,545,0.0018 ,27.5
echogram_20030630_040446,0274,10265,11,545,0.0202 ,30.59
echogram_20030630_081124,0275,10134,14300,14600,0.9795 ,21.9
echogram_20030630_081124,0275,10642,300,14600,0.0205 ,22
echogram_20030630_082221,0276,10274,288,1897,0.1518 ,13.56
echogram_20030630_082221,0276,10275,20,1897,0.0105 ,15.1
echogram_20030630_082221,0276,10767,198,1897,0.1044 ,15.69
echogram_20030630_082221,0276,10277,3,1897,0.0016 ,16.5
echogram_20030630_082221,0276,10765,9,1897,0.0047 ,16.5
echogram_20030630_082221,0276,10737,184,1897,0.0970 ,18.83
echogram_20030630_082221,0276,10171,23,1897,0.0121 ,19.24
echogram_20030630_082221,0276,10768,47,1897,0.0248 ,19.78
echogram_20030630_082221,0276,10134,31,1897,0.0163 ,22.17
echogram_20030630_082221,0276,10279,637,1897,0.3358 ,25.68
echogram_20030630_082221,0276,10762,47,1897,0.0248 ,27.84
echogram_20030630_082221,0276,10265,375,1897,0.1977 ,30.78
echogram_20030630_082221,0276,10269,4,1897,0.0021 ,31
echogram_20030630_082221,0276,10255,6,1897,0.0032 ,31.5
echogram_20030630_082221,0276,10642,5,1897,0.0026 ,33.3
echogram_20030630_082221,0276,10283,7,1897,0.0037 ,0
echogram_20030630_082221,0276,10414,3,1897,0.0016 ,0
echogram_20030630_082221,0276,10617,3,1897,0.0016 ,0
echogram_20030630_082221,0276,10758,2,1897,0.0011 ,0
echogram_20030630_082221,0276,10822,5,1897,0.0026 ,0
echogram_20030701_034505,0277,10134,1578,1584,0.9962 ,23
echogram_20030701_034505,0277,10265,6,1584,0.0038 ,29
echogram_20030701_035034,0278,10274,690,1706,0.4045 ,12.34
echogram_20030701_035034,0278,10765,8,1706,0.0047 ,15.38
echogram_20030701_035034,0278,10767,30,1706,0.0176 ,15.53
echogram_20030701_035034,0278,10275,5,1706,0.0029 ,15.7
echogram_20030701_035034,0278,10171,68,1706,0.0399 ,19.43
echogram_20030701_035034,0278,10768,46,1706,0.0270 ,21.43
echogram_20030701_035034,0278,10737,33,1706,0.0193 ,22.29
echogram_20030701_035034,0278,10134,16,1706,0.0094 ,23
echogram_20030701_035034,0278,10279,301,1706,0.1764 ,26.48
echogram_20030701_035034,0278,10762,23,1706,0.0135 ,29.15
echogram_20030701_035034,0278,10265,467,1706,0.2737 ,30.8
echogram_20030701_035034,0278,10642,6,1706,0.0035 ,32.83
echogram_20030701_035034,0278,10283,1,1706,0.0006 ,34.5
echogram_20030701_035034,0278,10255,3,1706,0.0018 ,38.83
echogram_20030701_035034,0278,10269,8,1706,0.0047 ,42.75
echogram_20030701_035034,0278,10022,1,1706,0.0006 ,68.5
echogram_20030701_092442,0279,10134,12120,12120,1.0000 ,25.51
echogram_20030701_092725,0280,10251,3,1485,0.0020 ,9.83
echogram_20030701_092725,0280,10274,985,1485,0.6633 ,15.22
echogram_20030701_092725,0280,10767,1,1485,0.0007 ,16.5
echogram_20030701_092725,0280,10768,2,1485,0.0013 ,18
echogram_20030701_092725,0280,10171,1,1485,0.0007 ,19.5
echogram_20030701_092725,0280,10134,357,1485,0.2404 ,24.83
echogram_20030701_092725,0280,10279,61,1485,0.0411 ,30.68
echogram_20030701_092725,0280,10265,35,1485,0.0236 ,32.24
echogram_20030701_092725,0280,10642,9,1485,0.0061 ,32.61
echogram_20030701_092725,0280,10283,1,1485,0.0007 ,33.5
echogram_20030701_092725,0280,10096,1,1485,0.0007 ,36.5
echogram_20030701_092725,0280,10269,22,1485,0.0148 ,46.18
echogram_20030701_092725,0280,10092,1,1485,0.0007 ,48.5
echogram_20030701_092725,0280,10255,5,1485,0.0034 ,63.9
echogram_20030701_092725,0280,10258,1,1485,0.0007 ,64.5
echogram_20030702_042506,0281,10134,4250,4263,0.9970 ,26.35
echogram_20030702_042506,0281,10269,13,4263,0.0030 ,0
echogram_20030702_083140,0282,10134,5975,5975,1.0000 ,23.57
echogram_20030702_083425,0283,10275,4,465,0.0086 ,12.5
echogram_20030702_083425,0283,10274,78,465,0.1677 ,13.32
echogram_20030702_083425,0283,10765,2,465,0.0043 ,16
echogram_20030702_083425,0283,10767,5,465,0.0108 ,17.1
echogram_20030702_083425,0283,10171,5,465,0.0108 ,17.9
echogram_20030702_083425,0283,10737,9,465,0.0194 ,18.5
echogram_20030702_083425,0283,12751,22,465,0.0473 ,19.41
echogram_20030702_083425,0283,10277,1,465,0.0022 ,22.5
echogram_20030702_083425,0283,10134,1,465,0.0022 ,23.25
echogram_20030702_083425,0283,10283,1,465,0.0022 ,23.5
echogram_20030702_083425,0283,10414,7,465,0.0151 ,25.64
echogram_20030702_083425,0283,10642,2,465,0.0043 ,31
echogram_20030702_083425,0283,10279,63,465,0.1355 ,31.01
echogram_20030702_083425,0283,10265,252,465,0.5419 ,32.35
echogram_20030702_083425,0283,10269,6,465,0.0129 ,41.33
echogram_20030702_083425,0283,10258,2,465,0.0043 ,50
echogram_20030702_083425,0283,10255,4,465,0.0086 ,56.25
echogram_20030702_083425,0283,10022,1,465,0.0022 ,65.5
echogram_20030702_141350,0284,10134,19361,19361,1.0000 ,24
echogram_20030703_084200,0285,10134,5767,5767,1.0000 ,24.03
echogram_20030703_085012,0286,10251,3,1841,0.0016 ,12.17
echogram_20030703_085012,0286,10274,1348,1841,0.7322 ,14.98
echogram_20030703_085012,0286,10171,1,1841,0.0005 ,17.5
echogram_20030703_085012,0286,10765,7,1841,0.0038 ,17.5
echogram_20030703_085012,0286,10767,1,1841,0.0005 ,19.5
echogram_20030703_085012,0286,10134,257,1841,0.1396 ,24.23
echogram_20030703_085012,0286,10279,60,1841,0.0326 ,31.42
echogram_20030703_085012,0286,10265,147,1841,0.0798 ,33.02
echogram_20030703_085012,0286,10269,16,1841,0.0087 ,42.56
echogram_20030703_085012,0286,10255,1,1841,0.0005 ,52.5
echogram_20030703_145937,0287,10134,3120,3140,0.9936 ,22.15
echogram_20030703_145937,0287,10279,20,3140,0.0064 ,27.5
echogram_20030704_111911,0288,10134,30480,30480,1.0000 ,21.96
echogram_20030705_052512,0289,10134,6900,6900,1.0000 ,24.11
echogram_20030705_052756,0290,10251,1,800,0.0013 ,12.5
echogram_20030705_052756,0290,10765,12,800,0.0150 ,16.75
echogram_20030705_052756,0290,10274,504,800,0.6300 ,17.37
echogram_20030705_052756,0290,10277,1,800,0.0013 ,24.5
echogram_20030705_052756,0290,10134,96,800,0.1200 ,24.56
echogram_20030705_052756,0290,10642,2,800,0.0025 ,32
echogram_20030705_052756,0290,10279,43,800,0.0538 ,32.45
echogram_20030705_052756,0290,10265,86,800,0.1075 ,32.94
echogram_20030705_052756,0290,10255,2,800,0.0025 ,41.5
echogram_20030705_052756,0290,10269,53,800,0.0663 ,51.65
echogram_20030706_080405,0291,10134,1520,1530,0.9935 ,22.54
echogram_20030706_080405,0291,10279,10,1530,0.0065 ,32.5
echogram_20030706_102105,0292,10274,201,671,0.2996 ,14.55
echogram_20030706_102105,0292,10275,3,671,0.0045 ,15.83
echogram_20030706_102105,0292,10765,16,671,0.0238 ,16.31
echogram_20030706_102105,0292,10767,7,671,0.0104 ,18.07
echogram_20030706_102105,0292,10171,1,671,0.0015 ,19.5
echogram_20030706_102105,0292,10134,156,671,0.2325 ,22.91
echogram_20030706_102105,0292,10279,66,671,0.0984 ,31.02
echogram_20030706_102105,0292,10642,1,671,0.0015 ,31.5
echogram_20030706_102105,0292,10265,218,671,0.3249 ,32.17
echogram_20030706_102105,0292,10269,2,671,0.0030 ,41.5
echogram_20030706_150155,0293,10275,1,805,0.0012 ,15.5
echogram_20030706_150155,0293,10767,2,805,0.0025 ,15.5
echogram_20030706_150155,0293,10765,1,805,0.0012 ,17.5
echogram_20030706_150155,0293,10274,271,805,0.3366 ,17.65
echogram_20030706_150155,0293,10134,408,805,0.5068 ,24.86
echogram_20030706_150155,0293,10642,7,805,0.0087 ,29.64
echogram_20030706_150155,0293,10279,18,805,0.0224 ,32.5
echogram_20030706_150155,0293,10265,88,805,0.1093 ,34.5
echogram_20030706_150155,0293,10269,9,805,0.0112 ,61.06
echogram_20030707_095722,0294,10134,20480,20480,1.0000 ,24.94
echogram_20030707_184250,0295,10134,2550,2550,1.0000 ,26.84
echogram_20030707_192107,0296,10765,11,351,0.0313 ,14.23
echogram_20030707_192107,0296,10274,147,351,0.4188 ,14.82
echogram_20030707_192107,0296,10171,4,351,0.0114 ,18.25
echogram_20030707_192107,0296,10237,1,351,0.0028 ,19.5
echogram_20030707_192107,0296,10414,1,351,0.0028 ,20.5
echogram_20030707_192107,0296,10768,1,351,0.0028 ,21.5
echogram_20030707_192107,0296,10277,20,351,0.0570 ,22.3
echogram_20030707_192107,0296,10737,1,351,0.0028 ,22.5
echogram_20030707_192107,0296,10134,71,351,0.2023 ,29.03
echogram_20030707_192107,0296,10283,3,351,0.0085 ,29.5
echogram_20030707_192107,0296,10799,5,351,0.0142 ,29.5
echogram_20030707_192107,0296,10764,4,351,0.0114 ,32.75
echogram_20030707_192107,0296,10279,51,351,0.1453 ,33.54
echogram_20030707_192107,0296,10265,24,351,0.0684 ,33.63
echogram_20030707_192107,0296,10269,4,351,0.0114 ,44.75
echogram_20030707_192107,0296,10822,1,351,0.0028 ,53.5
echogram_20030707_192107,0296,10255,2,351,0.0057 ,61
echogram_20030708_032450,0297,10134,5984,5984,1.0000 ,27.1
echogram_20030708_130235,0298,10134,4665,4680,0.9968 ,26.66
echogram_20030708_130235,0298,10269,15,4680,0.0032 ,45.5
echogram_20030709_052345,0299,10134,2034,2040,0.9971 ,26.1
echogram_20030709_052345,0299,10642,6,2040,0.0029 ,33.5
echogram_20030709_061259,0300,10274,684,906,0.7550 ,14.34
echogram_20030709_061259,0300,10765,8,906,0.0088 ,14.38
echogram_20030709_061259,0300,10275,11,906,0.0121 ,14.5
echogram_20030709_061259,0300,10171,3,906,0.0033 ,18.17
echogram_20030709_061259,0300,10414,53,906,0.0585 ,18.95
echogram_20030709_061259,0300,12751,1,906,0.0011 ,20.5
echogram_20030709_061259,0300,10737,4,906,0.0044 ,24
echogram_20030709_061259,0300,10277,33,906,0.0364 ,24.26
echogram_20030709_061259,0300,10799,1,906,0.0011 ,29.5
echogram_20030709_061259,0300,10265,65,906,0.0717 ,31.04
echogram_20030709_061259,0300,10283,2,906,0.0022 ,32.5
echogram_20030709_061259,0300,10279,22,906,0.0243 ,34.41
echogram_20030709_061259,0300,10768,1,906,0.0011 ,34.5
echogram_20030709_061259,0300,10762,1,906,0.0011 ,36.5
echogram_20030709_061259,0300,10258,1,906,0.0011 ,40.5
echogram_20030709_061259,0300,10269,16,906,0.0177 ,45.63
echogram_20030709_114733,0301,10134,11175,11175,1.0000 ,26.6
echogram_20030709_132441,0302,10134,15200,15200,1.0000 ,25.88
echogram_20030709_142223,0303,10765,4,568,0.0070 ,14.5
echogram_20030709_142223,0303,10274,258,568,0.4542 ,15.14
echogram_20030709_142223,0303,10275,6,568,0.0106 ,16.83
echogram_20030709_142223,0303,10767,3,568,0.0053 ,18.83
echogram_20030709_142223,0303,10171,10,568,0.0176 ,19.2
echogram_20030709_142223,0303,10414,18,568,0.0317 ,19.22
echogram_20030709_142223,0303,10737,1,568,0.0018 ,19.5
echogram_20030709_142223,0303,10768,21,568,0.0370 ,23.79
echogram_20030709_142223,0303,10134,78,568,0.1373 ,26.1
echogram_20030709_142223,0303,10265,79,568,0.1391 ,27.96
echogram_20030709_142223,0303,10799,3,568,0.0053 ,31.83
echogram_20030709_142223,0303,10279,83,568,0.1461 ,32.01
echogram_20030709_142223,0303,10762,1,568,0.0018 ,38.5
echogram_20030709_142223,0303,10269,2,568,0.0035 ,39.5
echogram_20030709_142223,0303,10022,1,568,0.0018 ,67.5
echogram_20030711_115610,0304,10134,4725,4725,1.0000 ,27.66
echogram_20030712_112228,0305,10134,1203,1218,0.9877 ,28.17
echogram_20030712_112228,0305,10642,9,1218,0.0074 ,34.5
echogram_20030712_112228,0305,10414,6,1218,0.0049 ,37
echogram_20030712_120046,0306,10765,2,846,0.0024 ,14
echogram_20030712_120046,0306,10275,5,846,0.0059 ,14.3
echogram_20030712_120046,0306,10274,476,846,0.5626 ,15.77
echogram_20030712_120046,0306,10414,107,846,0.1265 ,16.22
echogram_20030712_120046,0306,10171,7,846,0.0083 ,18.93
echogram_20030712_120046,0306,10768,1,846,0.0012 ,19.5
echogram_20030712_120046,0306,10277,119,846,0.1407 ,20
echogram_20030712_120046,0306,10737,10,846,0.0118 ,23.3
echogram_20030712_120046,0306,10799,2,846,0.0024 ,27
echogram_20030712_120046,0306,10134,21,846,0.0248 ,28.54
echogram_20030712_120046,0306,10265,46,846,0.0544 ,30.11
echogram_20030712_120046,0306,10764,1,846,0.0012 ,31.5
echogram_20030712_120046,0306,10642,4,846,0.0047 ,32.5
echogram_20030712_120046,0306,10283,3,846,0.0035 ,36.17
echogram_20030712_120046,0306,10279,10,846,0.0118 ,36.6
echogram_20030712_120046,0306,10269,28,846,0.0331 ,52.11
echogram_20030712_120046,0306,10255,1,846,0.0012 ,66.5
echogram_20030712_120046,0306,10258,3,846,0.0035 ,77.5
echogram_20030712_163430,0307,10134,11167,11167,1.0000 ,29.17
echogram_20030712_181341,0308,10765,2,935,0.0021 ,12.5
echogram_20030712_181341,0308,10274,300,935,0.3209 ,16.11
echogram_20030712_181341,0308,10414,74,935,0.0791 ,18.18
echogram_20030712_181341,0308,10737,2,935,0.0021 ,20.5
echogram_20030712_181341,0308,10768,4,935,0.0043 ,23
echogram_20030712_181341,0308,10277,8,935,0.0086 ,23.38
echogram_20030712_181341,0308,10134,24,935,0.0257 ,28.06
echogram_20030712_181341,0308,10265,30,935,0.0321 ,31.93
echogram_20030712_181341,0308,10642,2,935,0.0021 ,32
echogram_20030712_181341,0308,10279,15,935,0.0160 ,35.9
echogram_20030712_181341,0308,10799,10,935,0.0107 ,36.2
echogram_20030712_181341,0308,10283,2,935,0.0021 ,37.5
echogram_20030712_181341,0308,10269,459,935,0.4909 ,44.3
echogram_20030712_181341,0308,10258,1,935,0.0011 ,76.5
echogram_20030712_181341,0308,10255,2,935,0.0021 ,97
echogram_20030713_044247,0309,10134,3477,3513,0.9898 ,30.08
echogram_20030713_044247,0309,10269,36,3513,0.0102 ,45.83
echogram_20030713_082620,0310,10134,7644,7644,1.0000 ,29.65
echogram_20030713_141404,0311,10251,86,9328,0.0092 ,12.07
echogram_20030713_141404,0311,10275,4,9328,0.0004 ,14.75
echogram_20030713_141404,0311,10274,20,9328,0.0021 ,18.8
echogram_20030713_141404,0311,10414,76,9328,0.0081 ,19.05
echogram_20030713_141404,0311,10768,1,9328,0.0001 ,19.5
echogram_20030713_141404,0311,10277,8952,9328,0.9597 ,20
echogram_20030713_141404,0311,10171,105,9328,0.0113 ,22.37
echogram_20030713_141404,0311,10737,1,9328,0.0001 ,24.5
echogram_20030713_141404,0311,10134,18,9328,0.0019 ,29.17
echogram_20030713_141404,0311,10799,6,9328,0.0006 ,29.67
echogram_20030713_141404,0311,10265,15,9328,0.0016 ,30.23
echogram_20030713_141404,0311,10283,4,9328,0.0004 ,39
echogram_20030713_141404,0311,10269,38,9328,0.0041 ,56.5
echogram_20030713_141404,0311,10258,2,9328,0.0002 ,103.5
echogram_20030713_144413,0312,10134,1548,1554,0.9961 ,29.59
echogram_20030713_144413,0312,10269,6,1554,0.0039 ,0
echogram_20030714_074005,0313,10134,456,813,0.5609 ,29.4
echogram_20030714_074005,0313,10642,356,813,0.4379 ,30.52
echogram_20030714_074005,0313,10265,1,813,0.0012 ,35.5
echogram_20030715_045107,0314,10642,60,4720,0.0127 ,26.83
echogram_20030715_045107,0314,10134,4660,4720,0.9873 ,29.02
echogram_20030715_062653,0315,10767,73,471,0.1550 ,15.88
echogram_20030715_062653,0315,10765,7,471,0.0149 ,16.07
echogram_20030715_062653,0315,10275,1,471,0.0021 ,17.5
echogram_20030715_062653,0315,10737,21,471,0.0446 ,18.98
echogram_20030715_062653,0315,10414,21,471,0.0446 ,19.21
echogram_20030715_062653,0315,10171,21,471,0.0446 ,19.31
echogram_20030715_062653,0315,10768,43,471,0.0913 ,20.43
echogram_20030715_062653,0315,10799,19,471,0.0403 ,22.18
echogram_20030715_062653,0315,10283,6,471,0.0127 ,23.67
echogram_20030715_062653,0315,10762,17,471,0.0361 ,25.74
echogram_20030715_062653,0315,10134,29,471,0.0616 ,27.16
echogram_20030715_062653,0315,10642,10,471,0.0212 ,28.1
echogram_20030715_062653,0315,10279,62,471,0.1316 ,28.65
echogram_20030715_062653,0315,10265,137,471,0.2909 ,29.07
echogram_20030715_062653,0315,10022,4,471,0.0085 ,66.25
echogram_20030715_132840,0316,10277,205,613,0.3344 ,10.77
echogram_20030715_132840,0316,10275,11,613,0.0179 ,14.32
echogram_20030715_132840,0316,12751,61,613,0.0995 ,16.63
echogram_20030715_132840,0316,10274,237,613,0.3866 ,16.81
echogram_20030715_132840,0316,10723,7,613,0.0114 ,17.36
echogram_20030715_132840,0316,10767,1,613,0.0016 ,17.5
echogram_20030715_132840,0316,10737,5,613,0.0082 ,22.7
echogram_20030715_132840,0316,10414,18,613,0.0294 ,23
echogram_20030715_132840,0316,10171,15,613,0.0245 ,24.23
echogram_20030715_132840,0316,10768,1,613,0.0016 ,24.5
echogram_20030715_132840,0316,10762,4,613,0.0065 ,29.5
echogram_20030715_132840,0316,10265,15,613,0.0245 ,37.1
echogram_20030715_132840,0316,10269,27,613,0.0440 ,38.98
echogram_20030715_132840,0316,10258,1,613,0.0016 ,48.5
echogram_20030715_132840,0316,10255,4,613,0.0065 ,55.5
echogram_20030715_132840,0316,10022,1,613,0.0016 ,72.5
echogram_20030715_152049,0317,10134,2125,2125,1.0000 ,28.52
echogram_20030716_053741,0318,10642,1170,10890,0.1074 ,24.37
echogram_20030716_053741,0318,10134,9720,10890,0.8926 ,26.3
echogram_20030716_072143,0319,10274,4,376,0.0106 ,16.25
echogram_20030716_072143,0319,10275,9,376,0.0239 ,17.28
echogram_20030716_072143,0319,10171,3,376,0.0080 ,18.5
echogram_20030716_072143,0319,10414,25,376,0.0665 ,19.54
echogram_20030716_072143,0319,10768,12,376,0.0319 ,21.83
echogram_20030716_072143,0319,10737,1,376,0.0027 ,23.5
echogram_20030716_072143,0319,10762,1,376,0.0027 ,26.5
echogram_20030716_072143,0319,10134,65,376,0.1729 ,27.92
echogram_20030716_072143,0319,10642,1,376,0.0027 ,28.5
echogram_20030716_072143,0319,10279,20,376,0.0532 ,31.2
echogram_20030716_072143,0319,10265,226,376,0.6011 ,31.67
echogram_20030716_072143,0319,10269,1,376,0.0027 ,34.5
echogram_20030716_072143,0319,10022,4,376,0.0106 ,52.25
echogram_20030716_072143,0319,10255,4,376,0.0106 ,59.75
echogram_20030716_142148,0320,10134,14040,14175,0.9905 ,27.39
echogram_20030716_142148,0320,10642,135,14175,0.0095 ,0
echogram_20030716_151108,0321,10277,1657,1945,0.8519 ,13.67
echogram_20030716_151108,0321,10768,1,1945,0.0005 ,14.5
echogram_20030716_151108,0321,10275,7,1945,0.0036 ,15.21
echogram_20030716_151108,0321,10274,44,1945,0.0226 ,16.43
echogram_20030716_151108,0321,10171,10,1945,0.0051 ,20.1
echogram_20030716_151108,0321,10737,2,1945,0.0010 ,21
echogram_20030716_151108,0321,10414,13,1945,0.0067 ,23.12
echogram_20030716_151108,0321,11173,1,1945,0.0005 ,23.5
echogram_20030716_151108,0321,10283,2,1945,0.0010 ,27.5
echogram_20030716_151108,0321,10134,18,1945,0.0093 ,28.11
echogram_20030716_151108,0321,10265,42,1945,0.0216 ,32.5
echogram_20030716_151108,0321,10642,1,1945,0.0005 ,35.5
echogram_20030716_151108,0321,10799,3,1945,0.0015 ,38.83
echogram_20030716_151108,0321,10279,10,1945,0.0051 ,39.6
echogram_20030716_151108,0321,10269,38,1945,0.0195 ,50.97
echogram_20030716_151108,0321,10255,3,1945,0.0015 ,55.83
echogram_20030716_151108,0321,10270,87,1945,0.0447 ,74.36
echogram_20030716_151108,0321,10022,1,1945,0.0005 ,79.5
echogram_20030716_151108,0321,10258,5,1945,0.0026 ,84.7
echogram_20030717_024711,0322,10134,3940,3940,1.0000 ,23.57
echogram_20030717_075113,0323,10642,680,9080,0.0749 ,24.68
echogram_20030717_075113,0323,10134,8400,9080,0.9251 ,25.11
echogram_20030717_171814,0324,10277,195,5145,0.0379 ,14.88
echogram_20030717_171814,0324,10642,90,5145,0.0175 ,25
echogram_20030717_171814,0324,10134,4860,5145,0.9446 ,27.13
echogram_20030717_192650,0325,10274,82,552,0.1486 ,16.93
echogram_20030717_192650,0325,10275,9,552,0.0163 ,17.61
echogram_20030717_192650,0325,10723,1,552,0.0018 ,18.5
echogram_20030717_192650,0325,10171,7,552,0.0127 ,19.5
echogram_20030717_192650,0325,10277,269,552,0.4873 ,20.81
echogram_20030717_192650,0325,10768,42,552,0.0761 ,21.43
echogram_20030717_192650,0325,10737,2,552,0.0036 ,22
echogram_20030717_192650,0325,10414,5,552,0.0091 ,28.3
echogram_20030717_192650,0325,10134,96,552,0.1739 ,29.03
echogram_20030717_192650,0325,10642,5,552,0.0091 ,31.1
echogram_20030717_192650,0325,10265,22,552,0.0399 ,31.68
echogram_20030717_192650,0325,10279,11,552,0.0199 ,35.77
echogram_20030717_192650,0325,10022,1,552,0.0018 ,67.5
echogram_20030718_051025,0326,10642,285,1785,0.1597 ,24.39
echogram_20030718_051025,0326,10134,1500,1785,0.8403 ,26.51
echogram_20030718_090542,0327,10277,70,1395,0.0502 ,21.71
echogram_20030718_090542,0327,10134,1325,1395,0.9498 ,27.94
echogram_20030718_095218,0328,10274,134,459,0.2919 ,14.8
echogram_20030718_095218,0328,10765,4,459,0.0087 ,15.25
echogram_20030718_095218,0328,10275,8,459,0.0174 ,17.63
echogram_20030718_095218,0328,10237,2,459,0.0044 ,19.5
echogram_20030718_095218,0328,10277,106,459,0.2309 ,21.6
echogram_20030718_095218,0328,10262,1,459,0.0022 ,22.5
echogram_20030718_095218,0328,10737,13,459,0.0283 ,23.35
echogram_20030718_095218,0328,10414,6,459,0.0131 ,26.5
echogram_20030718_095218,0328,10768,1,459,0.0022 ,26.5
echogram_20030718_095218,0328,10134,79,459,0.1721 ,27.16
echogram_20030718_095218,0328,10283,6,459,0.0131 ,28.83
echogram_20030718_095218,0328,10265,18,459,0.0392 ,30.83
echogram_20030718_095218,0328,10279,60,459,0.1307 ,32.03
echogram_20030718_095218,0328,10642,3,459,0.0065 ,33.83
echogram_20030718_095218,0328,10799,5,459,0.0109 ,34.1
echogram_20030718_095218,0328,10269,5,459,0.0109 ,34.7
echogram_20030718_095218,0328,10762,3,459,0.0065 ,35.17
echogram_20030718_095218,0328,10255,1,459,0.0022 ,47.5
echogram_20030718_095218,0328,10022,4,459,0.0087 ,64
